{"cameraMode":{"drawMode":0,"name":"Shaded","section":"Shading Mode"},"sceneLighting":false,"audioPlay":false,"sceneViewState":{"showFog":true,"showMaterialUpdate":false,"showSkybox":false,"showFlares":true,"showImageEffects":true,"showParticleSystems":true},"in2DMode":false,"pivot":{"x":350.7522888183594,"y":187.322021484375,"z":87.40287780761719},"rotation":{"x":0.02411825768649578,"y":-0.12414690852165222,"z":0.003018333110958338,"w":0.9919661283493042},"size":251.80419921875,"orthographic":false}